-- MySQL Script generated by MySQL Workbench
-- Wed Dec 28 14:51:36 2022
-- Model: New Model    Version: 1.0
-- MySQL Workbench Forward Engineering

SET @OLD_UNIQUE_CHECKS=@@UNIQUE_CHECKS, UNIQUE_CHECKS=0;
SET @OLD_FOREIGN_KEY_CHECKS=@@FOREIGN_KEY_CHECKS, FOREIGN_KEY_CHECKS=0;
SET @OLD_SQL_MODE=@@SQL_MODE, SQL_MODE='ONLY_FULL_GROUP_BY,STRICT_TRANS_TABLES,NO_ZERO_IN_DATE,NO_ZERO_DATE,ERROR_FOR_DIVISION_BY_ZERO,NO_ENGINE_SUBSTITUTION';

-- -----------------------------------------------------
-- Schema arbolgene
-- -----------------------------------------------------
DROP SCHEMA IF EXISTS `arbolgene` ;

-- -----------------------------------------------------
-- Schema arbolgene
-- -----------------------------------------------------
CREATE SCHEMA IF NOT EXISTS `arbolgene` DEFAULT CHARACTER SET utf8 ;
SHOW WARNINGS;
USE `arbolgene` ;

-- -----------------------------------------------------
-- Table `arbolgene`.`familiar`
-- -----------------------------------------------------
DROP TABLE IF EXISTS `arbolgene`.`familiar` ;

SHOW WARNINGS;
CREATE TABLE IF NOT EXISTS `arbolgene`.`familiar` (
  `familiar_id` INT NOT NULL AUTO_INCREMENT,
  `nombres` VARCHAR(100) NOT NULL,
  `apellidos` VARCHAR(100) NOT NULL,
  `notas` VARCHAR(255) NULL,
  PRIMARY KEY (`familiar_id`))
ENGINE = InnoDB;

SHOW WARNINGS;

-- -----------------------------------------------------
-- Table `arbolgene`.`pareja`
-- -----------------------------------------------------
DROP TABLE IF EXISTS `arbolgene`.`pareja` ;

SHOW WARNINGS;
CREATE TABLE IF NOT EXISTS `arbolgene`.`pareja` (
  `pareja_id` INT NOT NULL AUTO_INCREMENT,
  `esposo_id_fk` INT NOT NULL,
  `esposa_id_fk` INT NOT NULL,
  `nivel` INT NOT NULL DEFAULT 0,
  PRIMARY KEY (`pareja_id`, `esposa_id_fk`, `esposo_id_fk`),
  CONSTRAINT `fk_pareja_familiar`
    FOREIGN KEY (`esposo_id_fk`)
    REFERENCES `arbolgene`.`familiar` (`familiar_id`)
    ON DELETE NO ACTION
    ON UPDATE NO ACTION,
  CONSTRAINT `fk_pareja_familiar1`
    FOREIGN KEY (`esposa_id_fk`)
    REFERENCES `arbolgene`.`familiar` (`familiar_id`)
    ON DELETE NO ACTION
    ON UPDATE NO ACTION)
ENGINE = InnoDB;

SHOW WARNINGS;
-- create index `fk_pareja_familiar_idx` ON `arbolgene`.`pareja` (`esposo_id_fk` ASC) VISIBLE;

SHOW WARNINGS;
-- create index `fk_pareja_familiar1_idx` ON `arbolgene`.`pareja` (`esposa_id_fk` ASC) VISIBLE;

SHOW WARNINGS;

-- -----------------------------------------------------
-- Table `arbolgene`.`descendiente`
-- -----------------------------------------------------
DROP TABLE IF EXISTS `arbolgene`.`descendiente` ;

SHOW WARNINGS;
CREATE TABLE IF NOT EXISTS `arbolgene`.`descendiente` (
  `descendiente_id` INT NOT NULL AUTO_INCREMENT,
  `pareja_id_fk` INT NULL,
  `familiar_id_fk` INT NOT NULL,
  `numero_hermano` INT NOT NULL,
  PRIMARY KEY (`descendiente_id`, `familiar_id_fk`),
  CONSTRAINT `fk_descendiente_familiar1`
    FOREIGN KEY (`familiar_id_fk`)
    REFERENCES `arbolgene`.`familiar` (`familiar_id`)
    ON DELETE NO ACTION
    ON UPDATE NO ACTION,
  CONSTRAINT `fk_descendiente_pareja1`
    FOREIGN KEY (`pareja_id_fk`)
    REFERENCES `arbolgene`.`pareja` (`pareja_id`)
    ON DELETE NO ACTION
    ON UPDATE NO ACTION)
ENGINE = InnoDB;

SHOW WARNINGS;
-- create index `fk_descendiente_familiar1_idx` ON `arbolgene`.`descendiente` (`familiar_id_fk` ASC) VISIBLE;

SHOW WARNINGS;
-- create index `fk_descendiente_pareja1_idx` ON `arbolgene`.`descendiente` (`pareja_id_fk` ASC) VISIBLE;

SHOW WARNINGS;

-- -----------------------------------------------------
-- Table `arbolgene`.`pareja_info`
-- -----------------------------------------------------
DROP TABLE IF EXISTS `arbolgene`.`pareja_info` ;

SHOW WARNINGS;
CREATE TABLE IF NOT EXISTS `arbolgene`.`pareja_info` (
  `pareja_info_id` INT NOT NULL AUTO_INCREMENT,
  `pareja_id_fk` INT NOT NULL,
  `ruta_img` VARCHAR(100) NOT NULL,
  `notas` VARCHAR(255) NULL,
  PRIMARY KEY (`pareja_info_id`, `pareja_id_fk`),
  CONSTRAINT `fk_pareja_info_pareja1`
    FOREIGN KEY (`pareja_id_fk`)
    REFERENCES `arbolgene`.`pareja` (`pareja_id`)
    ON DELETE NO ACTION
    ON UPDATE NO ACTION)
ENGINE = InnoDB;

SHOW WARNINGS;
-- create index `fk_pareja_info_pareja1_idx` ON `arbolgene`.`pareja_info` (`pareja_id_fk` ASC) VISIBLE;

SHOW WARNINGS;

-- -----------------------------------------------------
-- Table `arbolgene`.`familiar_info`
-- -----------------------------------------------------
DROP TABLE IF EXISTS `arbolgene`.`familiar_info` ;

SHOW WARNINGS;
CREATE TABLE IF NOT EXISTS `arbolgene`.`familiar_info` (
  `familiar_info_id` INT NOT NULL AUTO_INCREMENT,
  `ruta_img` VARCHAR(100) NULL,
  `familiar_id_fk` INT NOT NULL,
  PRIMARY KEY (`familiar_info_id`, `familiar_id_fk`),
  CONSTRAINT `fk_familiar_info_familiar1`
    FOREIGN KEY (`familiar_id_fk`)
    REFERENCES `arbolgene`.`familiar` (`familiar_id`)
    ON DELETE NO ACTION
    ON UPDATE NO ACTION)
ENGINE = InnoDB;

SHOW WARNINGS;
-- create index `fk_familiar_info_familiar1_idx` ON `arbolgene`.`familiar_info` (`familiar_id_fk` ASC) VISIBLE;

SHOW WARNINGS;

SET SQL_MODE=@OLD_SQL_MODE;
SET FOREIGN_KEY_CHECKS=@OLD_FOREIGN_KEY_CHECKS;
SET UNIQUE_CHECKS=@OLD_UNIQUE_CHECKS;

-- -----------------------------------------------------
-- Data for table `arbolgene`.`familiar`
-- -----------------------------------------------------
START TRANSACTION;
USE `arbolgene`;
INSERT INTO `arbolgene`.`familiar` (`familiar_id`, `nombres`, `apellidos`, `notas`) VALUES (1, 'Josefa', 'González González', NULL);
INSERT INTO `arbolgene`.`familiar` (`familiar_id`, `nombres`, `apellidos`, `notas`) VALUES (2, 'Franscisco', 'González García', NULL);
INSERT INTO `arbolgene`.`familiar` (`familiar_id`, `nombres`, `apellidos`, `notas`) VALUES (3, 'Joaquín', 'González González', NULL);
INSERT INTO `arbolgene`.`familiar` (`familiar_id`, `nombres`, `apellidos`, `notas`) VALUES (4, 'Carlos', 'González González', NULL);
INSERT INTO `arbolgene`.`familiar` (`familiar_id`, `nombres`, `apellidos`, `notas`) VALUES (5, 'José Luis', 'González Meza', NULL);
INSERT INTO `arbolgene`.`familiar` (`familiar_id`, `nombres`, `apellidos`, `notas`) VALUES (6, 'Adela', 'Moreno', NULL);
INSERT INTO `arbolgene`.`familiar` (`familiar_id`, `nombres`, `apellidos`, `notas`) VALUES (7, 'Juan José', 'González Moreno', NULL);
INSERT INTO `arbolgene`.`familiar` (`familiar_id`, `nombres`, `apellidos`, `notas`) VALUES (8, 'Francisco', 'González', NULL);
INSERT INTO `arbolgene`.`familiar` (`familiar_id`, `nombres`, `apellidos`, `notas`) VALUES (9, 'Francisca', 'González', NULL);

COMMIT;


-- -----------------------------------------------------
-- Data for table `arbolgene`.`pareja`
-- -----------------------------------------------------
START TRANSACTION;
USE `arbolgene`;
INSERT INTO `arbolgene`.`pareja` (`pareja_id`, `esposo_id_fk`, `esposa_id_fk`, `nivel`) VALUES (1, 1, 2, 2);
INSERT INTO `arbolgene`.`pareja` (`pareja_id`, `esposo_id_fk`, `esposa_id_fk`, `nivel`) VALUES (2, 5, 6, 3);
INSERT INTO `arbolgene`.`pareja` (`pareja_id`, `esposo_id_fk`, `esposa_id_fk`, `nivel`) VALUES (3, 8, 9, 1);

COMMIT;


-- -----------------------------------------------------
-- Data for table `arbolgene`.`descendiente`
-- -----------------------------------------------------
START TRANSACTION;
USE `arbolgene`;
INSERT INTO `arbolgene`.`descendiente` (`descendiente_id`, `pareja_id_fk`, `familiar_id_fk`, `numero_hermano`) VALUES (1, 1, 3, 1);
INSERT INTO `arbolgene`.`descendiente` (`descendiente_id`, `pareja_id_fk`, `familiar_id_fk`, `numero_hermano`) VALUES (2, 1, 4, 2);
INSERT INTO `arbolgene`.`descendiente` (`descendiente_id`, `pareja_id_fk`, `familiar_id_fk`, `numero_hermano`) VALUES (3, 2, 7, 1);
INSERT INTO `arbolgene`.`descendiente` (`descendiente_id`, `pareja_id_fk`, `familiar_id_fk`, `numero_hermano`) VALUES (4, 3, 1, 1);
INSERT INTO `arbolgene`.`descendiente` (`descendiente_id`, `pareja_id_fk`, `familiar_id_fk`, `numero_hermano`) VALUES (5, NULL, 2, 1);
INSERT INTO `arbolgene`.`descendiente` (`descendiente_id`, `pareja_id_fk`, `familiar_id_fk`, `numero_hermano`) VALUES (6, NULL, 8, 1);
INSERT INTO `arbolgene`.`descendiente` (`descendiente_id`, `pareja_id_fk`, `familiar_id_fk`, `numero_hermano`) VALUES (7, NULL, 9, 1);

COMMIT;

